id,time,orig_time,first_time,mat_time,balance_time,LTV_time,interest_rate_time,hpi_time,gdp_time,uer_time,REtype_CO_orig_time,REtype_PU_orig_time,REtype_SF_orig_time,investor_orig_time,balance_orig_time,FICO_orig_time,LTV_orig_time,Interest_Rate_orig_time,hpi_orig_time,default_time,payoff_time,status_time
1,0.024351,673.616922,78.975460,1.381032,60,70,80,90,100,110,120,130,140,150,160,170,180,190,200,210,220,230
2,2.054444,123.245645,61.867766,1.566565,61,71,81,91,101,111,121,131,141,151,161,171,181,191,201,211,221,231
3,0.077777,753.098000,65.787877,1.345665,62,72,82,92,102,112,122,132,142,152,162,172,182,192,202,212,222,232
4,5.034433,864.698888,78.344444,1.381032,63,73,83,93,103,113,123,133,143,153,163,173,183,193,203,213,223,233
5,7.025586,234.600000,23.877878,1.654566,64,74,84,94,104,114,124,134,144,154,164,174,184,194,204,214,224,234
6,3.067889,953.612333,34.999999,1.381032,65,75,85,95,105,115,125,135,145,155,165,175,185,195,205,215,225,235